{"Москва": [55.7504461, 37.6174943], "Санкт-Петербург": [59.917857350000006, 30.380619357025516], "Новосибирск": [54.96781445, 82.95159894278376], "Екатеринбург": [56.839104, 60.60825], "Казань": [55.7823547, 49.1242266], "Нижний Новгород": [56.294877850000006, 43.8616356801561], "Челябинск": [55.1598408, 61.4025547], "Омск": [54.991375, 73.371529], "Ростов-на-Дону": [47.2610441, 39.72490856518773], "Самара": [53.198627, 50.113987], "Уфа": [54.7261409, 55.947499], "Красноярск": [56.0090968, 92.8725147], "Воронеж": [51.6605982, 39.2005858], "Пермь": [58.014965, 56.246723], "Волгоград": [48.7081906, 44.5153353], "Краснодар": [45.7684014, 39.0261044], "Саратов": [51.530018, 46.034683], "Тюмень": [57.153534, 65.542274], "Тольятти": [53.51495, 49.407574], "Ижевск": [56.866557, 53.2094166], "Барнаул": [53.334752699999996, 83.72283893620776], "Ульяновск": [54.3107593, 48.3642771], "Иркутск": [52.289597, 104.280586], "Хабаровск": [48.481403, 135.076935], "Махачкала": [42.9830241, 47.5048717], "Ярославль": [57.6263877, 39.8933705], "Владивосток": [43.1150678, 131.8855768], "Томск": [58.324653850000004, 81.52937237232149], "Оренбург": [51.767452, 55.097118], "Кемерово": [55.4007394, 86.06040533437402], "Новокузнецк": [53.7944279, 87.21439026135684], "Рязань": [54.6702523, 39.68844236231995], "Набережные Челны": [55.7419774, 52.399207], "Севастополь": [44.6054434, 33.5220842], "Астрахань": [46.3498308, 48.0326203], "Киров": [58.6035661, 49.6666241], "Пенза": [53.200001, 45.0], "Балашиха": [55.8036225, 37.9646488], "Липецк": [52.6041877, 39.5936899], "Чебоксары": [56.1307195, 47.2449597], "Калининград": [54.710128, 20.5105838], "Тула": [54.1930321, 37.61754], "Ставрополь": [44.941379850000004, 43.66309345141463], "Курск": [51.739433, 36.179604], "Улан-Удэ": [51.8357841, 107.5839105], "Сочи": [43.71292235, 39.58489885474357], "Тверь": [56.858675, 35.9208284], "Магнитогорск": [53.4242184, 58.983136], "Иваново": [57.0088004, 40.96306331898382], "Брянск": [53.2423778, 34.3668288], "Сургут": [61.254032, 73.3964], "Белгород": [50.5955595, 36.5873394], "Владимир": [56.1288899, 40.4075203], "Чита": [52.033409, 113.500893], "Архангельск": [64.543022, 40.537121], "Нижний Тагил": [57.905149, 59.9508466], "Симферополь": [44.9521459, 34.1024858], "Калуга": [54.5101087, 36.2598115], "Якутск": [62.0274078, 129.7319787], "Грозный": [43.3197031, 45.6934308], "Волжский": [48.782102, 44.7779843], "Смоленск": [54.77897005, 32.04718121915615], "Саранск": [54.18671, 45.18383], "Череповец": [59.128696, 37.916389], "Подольск": [55.4308841, 37.5453056], "Вологда": [59.218876, 39.893276], "Курган": [55.51707765, 65.45906580229595], "Орёл": [52.968017149999994, 36.09949941816104], "Владикавказ": [43.024593, 44.68211], "Тамбов": [52.72879, 41.45536], "Петрозаводск": [61.783901, 34.44464792471686], "Мурманск": [68.970665, 33.07497], "Нижневартовск": [60.9339411, 76.5814274], "Кострома": [57.79648535, 40.96933053522937], "Йошкар-Ола": [56.6328248, 47.8972462], "Новороссийск": [44.71859535, 37.76046305015937], "Стерлитамак": [53.632374, 55.952259], "Химки": [55.8917293, 37.4396994], "Таганрог": [47.2153657, 38.9285216], "Мытищи": [55.9094928, 37.7339358], "Сыктывкар": [61.6685237, 50.8352024], "Нижнекамск": [55.6412879, 51.8160376], "Комсомольск-на-Амуре": [50.550877, 137.020782], "Нальчик": [43.4769604, 43.5966578], "Шахты": [47.7119167, 40.2115699], "Дзержинск": [56.2382157, 43.4617405], "Энгельс": [51.5013775, 46.1233093], "Благовещенск": [50.290527, 127.527161], "Королёв": [55.9204898, 37.8326289], "Братск": [56.1517085, 101.6334907], "Великий Новгород": [58.5209862, 31.2757862], "Орск": [51.2305015, 58.4738015], "Ангарск": [52.5311117, 103.8826109], "Старый Оскол": [51.298038, 37.833202], "Псков": [57.8173923, 28.3343465], "Люберцы": [55.6783142, 37.89377], "Южно-Сахалинск": [46.9574273, 142.727438], "Бийск": [52.5394905, 85.2148673], "Прокопьевск": [53.890972, 86.737663], "Абакан": [53.7206497, 91.4403553], "Армавир": [44.9993585, 41.1294061], "Балаково": [52.0052301, 47.81068454047963], "Норильск": [69.3498394, 88.200517], "Рыбинск": [58.050373, 38.834637], "Северодвинск": [64.563385, 39.823769], "Петропавловск-Камчатский": [53.0199838, 158.6471356], "Красногорск": [55.8217545, 37.3400897], "Уссурийск": [43.7972447, 131.9520752], "Волгодонск": [47.5128177, 42.1717606], "Новочеркасск": [47.41066, 40.101986], "Сызрань": [53.15538, 48.474121], "Каменск-Уральский": [56.415451, 61.917797], "Златоуст": [55.1674213, 59.6792625], "Альметьевск": [54.9005008, 52.2963777], "Электросталь": [55.7903785, 38.4405711], "Керчь": [45.3534002, 36.4538645], "Миасс": [55.065304, 60.108337], "Салават": [53.361687, 55.924641], "Хасавюрт": [43.2442705, 46.59593794629496], "Пятигорск": [44.039775, 43.0706669], "Копейск": [55.127144, 61.632544887717046], "Находка": [42.8246489, 132.8926], "Рубцовск": [51.5276264, 81.2176174], "Майкоп": [44.6062079, 40.104053], "Коломна": [55.0995509, 38.7811165], "Березники": [59.4084171, 56.8036958], "Одинцово": [55.6711507, 37.2727963], "Домодедово": [55.4368213, 37.7680693], "Ковров": [56.374603, 41.311676], "Нефтекамск": [56.0884031, 54.2478094], "Каспийск": [42.8881414, 47.6424676], "Нефтеюганск": [61.090309, 72.6101], "Кисловодск": [43.9128743, 42.7192186], "Новочебоксарск": [56.1140023, 47.4870341], "Батайск": [47.138527, 39.742348], "Щёлково": [55.9206499, 37.9915576], "Дербент": [42.057858, 48.2887648], "Серпухов": [54.9155247, 37.4195533], "Назрань": [43.2320774, 44.7540128], "Раменское": [55.5709361, 38.2282099], "Черкесск": [44.2285229, 42.048257], "Новомосковск": [54.011013, 38.290943], "Кызыл": [51.719079, 94.4300679], "Долгопрудный": [55.946607650000004, 37.50483582166906], "Новый Уренгой": [66.085196, 76.6799167], "Орехово-Зуево": [55.8083278, 38.9790038], "Первоуральск": [56.904858, 59.943119], "Обнинск": [55.0951738, 36.611913], "Невинномысск": [44.6245814, 41.9475941], "Ессентуки": [44.0470042, 42.8576575], "Октябрьский": [54.4809722, 53.4660062], "Димитровград": [54.2188995, 49.6038982], "Пушкино": [56.0104274, 37.8461892], "Камышин": [50.0808422, 45.4048003], "Ноябрьск": [63.2002917, 75.4475807], "Евпатория": [45.1996929, 33.36912905819992], "Реутов": [55.7622453, 37.856555], "Жуковский": [55.5972801, 38.1199863], "Муром": [55.56306065, 42.02071886920786], "Северск": [56.603161, 84.881012], "Новошахтинск": [47.7558886, 39.935987], "Артём": [43.3570377, 132.1853629], "Ачинск": [56.2694846, 90.4953964], "Бердск": [54.75795, 83.1068095], "Элиста": [46.306999, 44.270187], "Арзамас": [55.3989463, 43.8408129], "Ханты-Мансийск": [61.0034448, 69.0190006], "Ногинск": [55.8553511, 38.4411898], "Елец": [52.6219865, 38.5003298], "Железногорск": [56.250938, 93.53286], "Зеленодольск": [55.8477605, 48.5097031]}